Word,Regex,Swearing,Sexual,Racism,Xenophobic,Sexism,Other
2girls1cup,,0,1,0,0,1,1
2g1c,,0,1,0,0,1,1
4r5e,,1,1,0,0,0,0
5h1t,,1,0,0,0,0,0
5hit,,,,,,,
a2m,,,,,,,
a54,,,,,,,
aeolus,,,,,,,
ahole,,,,,,,
alabamahotpocket,,,,,,,
alaskanpipeline,,,,,,,
anal,,,,,,,
analimpaler,,,,,,,
analleakage,,,,,,,
analannie,,,,,,,
analprobe,,,,,,,
analsex,,,,,,,
anilingus,,,,,,,
anus,,,,,,,
apeshit,,,,,,,
ar5e,,,,,,,
areola,,,,,,,
areole,,,,,,,
arian,,,,,,,
arrse,,,,,,,
arse,,,,,,,
arsehole,,,,,,,
aryan,,,,,,,
ass,,,,,,,
assfuck,,,,,,,
asshole,,,,,,,
assault,,,,,,,
assbag,,,,,,,
assbagger,,,,,,,
assbandit,,,,,,,
assbang,,,,,,,
assbanged,,,,,,,
assbanger,,,,,,,
assbangs,,,,,,,
assbite,,,,,,,
assblaster,,,,,,,
assclown,,,,,,,
asscock,,,,,,,
asscracker,,,,,,,
asses,,,,,,,
assface,,,,,,,
assfaces,,,,,,,
assfuck,,,,,,,
assfucker,,,,,,,
assfucker,,,,,,,
assfukka,,,,,,,
assgoblin,,,,,,,
assh0le,,,,,,,
asshat,,,,,,,
asshat,,,,,,,
asshead,,,,,,,
assho1e,,,,,,,
asshole,,,,,,,
assholes,,,,,,,
asshopper,,,,,,,
asshore,,,,,,,
assjabber,,,,,,,
assjacker,,,,,,,
assjockey,,,,,,,
asskiss,,,,,,,
asskisser,,,,,,,
assklown,,,,,,,
asslick,,,,,,,
asslicker,,,,,,,
asslover,,,,,,,
assman,,,,,,,
assmaster,,,,,,,
assmonkey,,,,,,,
assmucus,,,,,,,
assmunch,,,,,,,
assmuncher,,,,,,,
assnigger,,,,,,,
asspacker,,,,,,,
asspirate,,,,,,,
asspirate,,,,,,,
asspuppies,,,,,,,
assranger,,,,,,,
assshit,,,,,,,
assshole,,,,,,,
asssucker,,,,,,,
asswad,,,,,,,
asswhole,,,,,,,
asswhore,,,,,,,
asswipe,,,,,,,
asswipes,,,,,,,
autoerotic,,,,,,,
axwound,,,,,,,
azz,,,,,,,
b!tch,,,,,,,
b00bs,,,,,,,
b17ch,,,,,,,
b1tch,,,,,,,
babe,,,,,,,
babybatter,,,,,,,
babyjuice,,,,,,,
badfuck,,,,,,,
ballgag,,,,,,,
ballgravy,,,,,,,
ballkicking,,,,,,,
balllicking,,,,,,,
ballsack,,,,,,,
ballsucking,,,,,,,
ballbag,,,,,,,
balllicker,,,,,,,
ballsack,,,,,,,
bampot,,,,,,,
bangbros,,,,,,,
bareback,,,,,,,
barelylegal,,,,,,,
barface,,,,,,,
barfface,,,,,,,
bastard,,,,,,,
bastardo,,,,,,,
bastards,,,,,,,
bastinado,,,,,,,
battyboy,,,,,,,
bawdy,,,,,,,
bazongas,,,,,,,
bazooms,,,,,,,
bbw,,,,,,,
bdsm,,,,,,,
beaner,,,,,,,
beaners,,,,,,,
beardedclam,,,,,,,
beastial,,,,,,,
beastiality,,,,,,,
beatch,,,,,,,
beater,,,,,,,
beatyourmeat,,,,,,,
beaver,,,,,,,
beavercleaver,,,,,,,
beaverlips,,,,,,,
beefcurtain,,,,,,,
beefcurtains,,,,,,,
beer,,,,,,,
beeyotch,,,,,,,
bellend,,,,,,,
bender,,,,,,,
beotch,,,,,,,
bestial,,,,,,,
bestiality,,,,,,,
biatch,,,,,,,
bigblack,,,,,,,
bigbreasts,,,,,,,
bigknockers,,,,,,,
bigtits,,,,,,,
bigbastard,,,,,,,
bigbutt,,,,,,,
bigtits,,,,,,,
bimbo,,,,,,,
bimbos,,,,,,,
bint,,,,,,,
birdlock,,,,,,,
bitch,,,,,,,
bitchtit,,,,,,,
bitchass,,,,,,,
bitched,,,,,,,
bitcher,,,,,,,
bitchers,,,,,,,
bitches,,,,,,,
bitchez,,,,,,,
bitchin,,,,,,,
bitching,,,,,,,
bitchtits,,,,,,,
bitchy,,,,,,,
blackcock,,,,,,,
bloodclaat,,,,,,,
bloody,,,,,,,
bloodyhell,,,,,,,
blowjob,,,,,,,
blowme,,,,,,,
blowmud,,,,,,,
blowyourload,,,,,,,
blowjob,,,,,,,
blowjobs,,,,,,,
bluewaffle,,,,,,,
blumpkin,,,,,,,
boang,,,,,,,
bogan,,,,,,,
bohunk,,,,,,,
boink,,,,,,,
boiolas,,,,,,,
bollick,,,,,,,
bollock,,,,,,,
bollocks,,,,,,,
bollok,,,,,,,
bollox,,,,,,,
bomd,,,,,,,
bondage,,,,,,,
boner,,,,,,,
boners,,,,,,,
bong,,,,,,,
boob,,,,,,,
boobies,,,,,,,
boobs,,,,,,,
booby,,,,,,,
bookie,,,,,,,
boong,,,,,,,
boonga,,,,,,,
booobs,,,,,,,
boooobs,,,,,,,
booooobs,,,,,,,
booooooobs,,,,,,,
bootee,,,,,,,
bootie,,,,,,,
booty,,,,,,,
bootycall,,,,,,,
booze,,,,,,,
boozer,,,,,,,
boozy,,,,,,,
bosom,,,,,,,
bosomy,,,,,,,
breast,,,,,,,
breastjob,,,,,,,
breastlover,,,,,,,
breastman,,,,,,,
breasts,,,,,,,
brotherfucker,,,,,,,
brownshowers,,,,,,,
brunetteaction,,,,,,,
buceta,,,,,,,
bugger,,,,,,,
buggered,,,,,,,
buggery,,,,,,,
bukkake,,,,,,,
bullshit,,,,,,,
bullcrap,,,,,,,
bulldike,,,,,,,
bulldyke,,,,,,,
bulletvibe,,,,,,,
bullshit,,,,,,,
bullshits,,,,,,,
bullshitted,,,,,,,
bullturds,,,,,,,
bumboy,,,,,,,
bumblefuck,,,,,,,
bumclat,,,,,,,
bumfuck,,,,,,,
bung,,,,,,,
bunghole,,,,,,,
bunga,,,,,,,
bunghole,,,,,,,
bunnyfucker,,,,,,,
bustaload,,,,,,,
busty,,,,,,,
butchdike,,,,,,,
butchdyke,,,,,,,
butt,,,,,,,
buttfuck,,,,,,,
buttplug,,,,,,,
buttbang,,,,,,,
buttbang,,,,,,,
buttcheeks,,,,,,,
buttface,,,,,,,
buttfuck,,,,,,,
buttfuck,,,,,,,
buttfucka,,,,,,,
buttfucker,,,,,,,
buttfucker,,,,,,,
butthead,,,,,,,
butthole,,,,,,,
buttman,,,,,,,
buttmuch,,,,,,,
buttmunch,,,,,,,
buttmuncher,,,,,,,
buttpirate,,,,,,,
buttplug,,,,,,,
caca,,,,,,,
cahone,,,,,,,
cameltoe,,,,,,,
cameltoe,,,,,,,
camgirl,,,,,,,
camslut,,,,,,,
camwhore,,,,,,,
carpetmuncher,,,,,,,
carpetmuncher,,,,,,,
cawk,,,,,,,
chesticle,,,,,,,
chichiman,,,,,,,
chickwithadick,,,,,,,
childfucker,,,,,,,
chin,,,,,,,
chinc,,,,,,,
chincs,,,,,,,
chink,,,,,,,
chinky,,,,,,,
choad,,,,,,,
choade,,,,,,,
chocice,,,,,,,
chocolaterosebuds,,,,,,,
chode,,,,,,,
chodes,,,,,,,
chotabags,,,,,,,
cipa,,,,,,,
circlejerk,,,,,,,
cl1t,,,,,,,
clevelandsteamer,,,,,,,
climax,,,,,,,
clit,,,,,,,
clitlicker,,,,,,,
clitface,,,,,,,
clitfuck,,,,,,,
clitoris,,,,,,,
clitorus,,,,,,,
clits,,,,,,,
clitty,,,,,,,
clittylitter,,,,,,,
clogwog,,,,,,,
cloverclamps,,,,,,,
clunge,,,,,,,
clusterfuck,,,,,,,
cnut,,,,,,,
cocain,,,,,,,
cocaine,,,,,,,
cock,,,,,,,
cockpocket,,,,,,,
cocksnot,,,,,,,
cocksucker,,,,,,,
cockass,,,,,,,
cockbite,,,,,,,
cockblock,,,,,,,
cockburger,,,,,,,
cockeye,,,,,,,
cockface,,,,,,,
cockfucker,,,,,,,
cockhead,,,,,,,
cockholster,,,,,,,
cockjockey,,,,,,,
cockknocker,,,,,,,
cockknoker,,,,,,,
cocklicker,,,,,,,
cocklover,,,,,,,
cocklump,,,,,,,
cockmaster,,,,,,,
cockmongler,,,,,,,
cockmongruel,,,,,,,
cockmonkey,,,,,,,
cockmunch,,,,,,,
cockmuncher,,,,,,,
cocknose,,,,,,,
cocknugget,,,,,,,
cocks,,,,,,,
cockshit,,,,,,,
cocksmith,,,,,,,
cocksmoke,,,,,,,
cocksmoker,,,,,,,
cocksniffer,,,,,,,
cocksucer,,,,,,,
cocksuck,,,,,,,
cocksuck,,,,,,,
cocksucked,,,,,,,
cocksucker,,,,,,,
cocksucker,,,,,,,
cocksuckers,,,,,,,
cocksucking,,,,,,,
cocksucks,,,,,,,
cocksuka,,,,,,,
cocksukka,,,,,,,
cockwaffle,,,,,,,
coffindodger,,,,,,,
coital,,,,,,,
cok,,,,,,,
cokmuncher,,,,,,,
coksucka,,,,,,,
commie,,,,,,,
condom,,,,,,,
coochie,,,,,,,
coochy,,,,,,,
coon,,,,,,,
coonnass,,,,,,,
coons,,,,,,,
cooter,,,,,,,
copsomewood,,,,,,,
coprolagnia,,,,,,,
coprophilia,,,,,,,
corksucker,,,,,,,
cornhole,,,,,,,
corpwhore,,,,,,,
cox,,,,,,,
crabs,,,,,,,
crack,,,,,,,
cracker,,,,,,,
crackwhore,,,,,,,
crap,,,,,,,
crappy,,,,,,,
creampie,,,,,,,
cretin,,,,,,,
crikey,,,,,,,
cripple,,,,,,,
crotte,,,,,,,
cum,,,,,,,
cumchugger,,,,,,,
cumdumpster,,,,,,,
cumfreak,,,,,,,
cumguzzler,,,,,,,
cumbubble,,,,,,,
cumdump,,,,,,,
cumdumpster,,,,,,,
cumguzzler,,,,,,,
cumjockey,,,,,,,
cummer,,,,,,,
cummin,,,,,,,
cumming,,,,,,,
cums,,,,,,,
cumshot,,,,,,,
cumshots,,,,,,,
cumslut,,,,,,,
cumstain,,,,,,,
cumtart,,,,,,,
cunilingus,,,,,,,
cunillingus,,,,,,,
cunn,,,,,,,
cunnie,,,,,,,
cunnilingus,,,,,,,
cunntt,,,,,,,
cunny,,,,,,,
cunt,,,,,,,
cunthair,,,,,,,
cuntass,,,,,,,
cuntbag,,,,,,,
cuntface,,,,,,,
cuntfuck,,,,,,,
cuntfucker,,,,,,,
cunthole,,,,,,,
cunthunter,,,,,,,
cuntlick,,,,,,,
cuntlick,,,,,,,
cuntlicker,,,,,,,
cuntlicker,,,,,,,
cuntlicking,,,,,,,
cuntrag,,,,,,,
cunts,,,,,,,
cuntsicle,,,,,,,
cuntslut,,,,,,,
cuntstruck,,,,,,,
cuntsucker,,,,,,,
cutrope,,,,,,,
cyalis,,,,,,,
cyberfuc,,,,,,,
cyberfuck,,,,,,,
cyberfucked,,,,,,,
cyberfucker,,,,,,,
cyberfuckers,,,,,,,
cyberfucking,,,,,,,
cybersex,,,,,,,
dago,,,,,,,
dagos,,,,,,,
dammit,,,,,,,
damn,,,,,,,
damned,,,,,,,
damnit,,,,,,,
darkie,,,,,,,
darn,,,,,,,
daterape,,,,,,,
daterape,,,,,,,
dawgiestyle,,,,,,,
deepthroat,,,,,,,
deepthroat,,,,,,,
deggo,,,,,,,
dendrophilia,,,,,,,
dick,,,,,,,
dickhead,,,,,,,
dickhole,,,,,,,
dickshy,,,,,,,
dickbag,,,,,,,
dickbeaters,,,,,,,
dickbrain,,,,,,,
dickdipper,,,,,,,
dickface,,,,,,,
dickflipper,,,,,,,
dickfuck,,,,,,,
dickfucker,,,,,,,
dickhead,,,,,,,
dickheads,,,,,,,
dickhole,,,,,,,
dickish,,,,,,,
dickjuice,,,,,,,
dickmilk,,,,,,,
dickmonger,,,,,,,
dickripper,,,,,,,
dicks,,,,,,,
dicksipper,,,,,,,
dickslap,,,,,,,
dicksneeze,,,,,,,
dicksucker,,,,,,,
dicksucking,,,,,,,
dicktickler,,,,,,,
dickwad,,,,,,,
dickweasel,,,,,,,
dickweed,,,,,,,
dickwhipper,,,,,,,
dickwod,,,,,,,
dickzipper,,,,,,,
diddle,,,,,,,
dike,,,,,,,
dildo,,,,,,,
dildos,,,,,,,
diligaf,,,,,,,
dillweed,,,,,,,
dingle,,,,,,,
dingleberries,,,,,,,
dingleberry,,,,,,,
dink,,,,,,,
dinks,,,,,,,
dipship,,,,,,,
dipshit,,,,,,,
dirsa,,,,,,,
dirty,,,,,,,
dirtypillows,,,,,,,
dirtysanchez,,,,,,,
dlck,,,,,,,
dogstyle,,,,,,,
dogfucker,,,,,,,
doggiestyle,,,,,,,
doggin,,,,,,,
dogging,,,,,,,
doggystyle,,,,,,,
dolcett,,,,,,,
dominatrix,,,,,,,
dommes,,,,,,,
dong,,,,,,,
donkeypunch,,,,,,,
donkeypunch,,,,,,,
donkeyribber,,,,,,,
doochbag,,,,,,,
doofus,,,,,,,
dookie,,,,,,,
doosh,,,,,,,
dopey,,,,,,,
doubledong,,,,,,,
doublepenetration,,,,,,,
doublelift,,,,,,,
douche,,,,,,,
douchebag,,,,,,,
douchebags,,,,,,,
douchefag,,,,,,,
douchewaffle,,,,,,,
douchey,,,,,,,
dpaction,,,,,,,
dryhump,,,,,,,
duche,,,,,,,
dumass,,,,,,,
dumbass,,,,,,,
dumbass,,,,,,,
dumbasses,,,,,,,
dumbcunt,,,,,,,
dumbfuck,,,,,,,
dumbshit,,,,,,,
dummy,,,,,,,
dumshit,,,,,,,
dvda,,,,,,,
dyke,,,,,,,
dykes,,,,,,,
eatadick,,,,,,,
eathairpie,,,,,,,
eatmyass,,,,,,,
eatpussy,,,,,,,
ecchi,,,,,,,
ejaculate,,,,,,,
ejaculated,,,,,,,
ejaculates,,,,,,,
ejaculating,,,,,,,
ejaculatings,,,,,,,
ejaculation,,,,,,,
ejakulate,,,,,,,
enlargement,,,,,,,
erect,,,,,,,
erection,,,,,,,
erotic,,,,,,,
erotism,,,,,,,
essohbee,,,,,,,
eunuch,,,,,,,
extacy,,,,,,,
extasy,,,,,,,
fuck,,,,,,,
fucker,,,,,,,
facefucker,,,,,,,
facial,,,,,,,
fack,,,,,,,
fag,,,,,,,
fagbag,,,,,,,
fagfucker,,,,,,,
fagg,,,,,,,
fagged,,,,,,,
fagging,,,,,,,
faggit,,,,,,,
faggitt,,,,,,,
faggot,,,,,,,
faggotcock,,,,,,,
faggots,,,,,,,
faggs,,,,,,,
fagot,,,,,,,
fagots,,,,,,,
fags,,,,,,,
fagtard,,,,,,,
faig,,,,,,,
faigt,,,,,,,
fanny,,,,,,,
fannybandit,,,,,,,
fannyflaps,,,,,,,
fannyfucker,,,,,,,
fany,,,,,,,
fart,,,,,,,
fartknocker,,,,,,,
fastfuck,,,,,,,
fatass,,,,,,,
fatfuck,,,,,,,
fatfucker,,,,,,,
fcuk,,,,,,,
fcuker,,,,,,,
fcuking,,,,,,,
fecal,,,,,,,
feck,,,,,,,
fecker,,,,,,,
felch,,,,,,,
felcher,,,,,,,
felching,,,,,,,
fellate,,,,,,,
fellatio,,,,,,,
feltch,,,,,,,
feltcher,,,,,,,
femalesquirting,,,,,,,
femdom,,,,,,,
fenian,,,,,,,
figging,,,,,,,
fingerbang,,,,,,,
fingerfuck,,,,,,,
fingerfuck,,,,,,,
fingerfucked,,,,,,,
fingerfucker,,,,,,,
fingerfucker,,,,,,,
fingerfuckers,,,,,,,
fingerfucking,,,,,,,
fingerfucks,,,,,,,
fingering,,,,,,,
fistfuck,,,,,,,
fisted,,,,,,,
fistfuck,,,,,,,
fistfucked,,,,,,,
fistfucker,,,,,,,
fistfucker,,,,,,,
fistfuckers,,,,,,,
fistfucking,,,,,,,
fistfuckings,,,,,,,
fistfucks,,,,,,,
fisting,,,,,,,
fisty,,,,,,,
flamer,,,,,,,
flange,,,,,,,
fleshflute,,,,,,,
flogthelog,,,,,,,
floozy,,,,,,,
foad,,,,,,,
foah,,,,,,,
fondle,,,,,,,
foobar,,,,,,,
fook,,,,,,,
fooker,,,,,,,
footfetish,,,,,,,
footfuck,,,,,,,
footfucker,,,,,,,
footjob,,,,,,,
footlicker,,,,,,,
foreskin,,,,,,,
freakfuck,,,,,,,
freakyfucker,,,,,,,
freefuck,,,,,,,
freex,,,,,,,
frigg,,,,,,,
frigga,,,,,,,
frotting,,,,,,,
fubar,,,,,,,
fuc,,,,,,,
fuck,,,,,,,
fuckbuttons,,,,,,,
fuckhole,,,,,,,
fuckoff,,,,,,,
fuckpuppet,,,,,,,
fucktrophy,,,,,,,
fuckyomama,,,,,,,
fuckyou,,,,,,,
fucka,,,,,,,
fuckass,,,,,,,
fuckbag,,,,,,,
fuckbitch,,,,,,,
fuckboy,,,,,,,
fuckbrain,,,,,,,
fuckbutt,,,,,,,
fuckbutter,,,,,,,
fucked,,,,,,,
fuckedup,,,,,,,
fucker,,,,,,,
fuckers,,,,,,,
fuckersucker,,,,,,,
fuckface,,,,,,,
fuckfreak,,,,,,,
fuckhead,,,,,,,
fuckheads,,,,,,,
fuckher,,,,,,,
fuckhole,,,,,,,
fuckin,,,,,,,
fucking,,,,,,,
fuckingbitch,,,,,,,
fuckings,,,,,,,
fuckingshitmotherfucker,,,,,,,
fuckme,,,,,,,
fuckme,,,,,,,
fuckmeat,,,,,,,
fuckmehard,,,,,,,
fuckmonkey,,,,,,,
fucknugget,,,,,,,
fucknut,,,,,,,
fucknutt,,,,,,,
fuckoff,,,,,,,
fucks,,,,,,,
fuckstick,,,,,,,
fucktard,,,,,,,
fucktards,,,,,,,
fucktart,,,,,,,
fucktoy,,,,,,,
fucktwat,,,,,,,
fuckup,,,,,,,
fuckwad,,,,,,,
fuckwhit,,,,,,,
fuckwhore,,,,,,,
fuckwit,,,,,,,
fuckwitt,,,,,,,
fuckyou,,,,,,,
fudgepacker,,,,,,,
fuk,,,,,,,
fuker,,,,,,,
fukker,,,,,,,
fukkers,,,,,,,
fukkin,,,,,,,
fuks,,,,,,,
fukwhit,,,,,,,
fukwit,,,,,,,
fuq,,,,,,,
futanari,,,,,,,
fux,,,,,,,
fux0r,,,,,,,
fvck,,,,,,,
fxck,,,,,,,
gae,,,,,,,
gai,,,,,,,
gangbang,,,,,,,
gangbanged,,,,,,,
gangbangs,,,,,,,
ganja,,,,,,,
gash,,,,,,,
gassyass,,,,,,,
gaysex,,,,,,,
gayass,,,,,,,
gaybob,,,,,,,
gaydo,,,,,,,
gayfuck,,,,,,,
gayfuckist,,,,,,,
gaylord,,,,,,,
gays,,,,,,,
gaysex,,,,,,,
gaytard,,,,,,,
gaywad,,,,,,,
genderbender,,,,,,,
genitals,,,,,,,
gey,,,,,,,
gfy,,,,,,,
ghay,,,,,,,
ghey,,,,,,,
giantcock,,,,,,,
gigolo,,,,,,,
ginger,,,,,,,
gippo,,,,,,,
girlon,,,,,,,
girlontop,,,,,,,
girlsgonewild,,,,,,,
git,,,,,,,
glans,,,,,,,
goatcx,,,,,,,
goatse,,,,,,,
goddamn,,,,,,,
godamn,,,,,,,
godamnit,,,,,,,
goddam,,,,,,,
goddammit,,,,,,,
goddamn,,,,,,,
goddamned,,,,,,,
goddamnit,,,,,,,
goddamnmuthafucker,,,,,,,
godsdamn,,,,,,,
gokkun,,,,,,,
goldenshower,,,,,,,
golliwog,,,,,,,
gonad,,,,,,,
gonads,,,,,,,
gonorrehea,,,,,,,
googirl,,,,,,,
gooch,,,,,,,
goodpoop,,,,,,,
gook,,,,,,,
gooks,,,,,,,
goregasm,,,,,,,
gotohell,,,,,,,
gringo,,,,,,,
grope,,,,,,,
groupsex,,,,,,,
gspot,,,,,,,
gspot,,,,,,,
gtfo,,,,,,,
guido,,,,,,,
guro,,,,,,,
h0m0,,,,,,,
h0mo,,,,,,,
hamflap,,,,,,,
handjob,,,,,,,
hardcore,,,,,,,
hardon,,,,,,,
hardcoresex,,,,,,,
he11,,,,,,,
headfuck,,,,,,,
hebe,,,,,,,
heeb,,,,,,,
hell,,,,,,,
hemp,,,,,,,
hentai,,,,,,,
heroin,,,,,,,
herp,,,,,,,
herpes,,,,,,,
herpy,,,,,,,
heshe,,,,,,,
hitler,,,,,,,
hiv,,,,,,,
ho,,,,,,,
hoar,,,,,,,
hoare,,,,,,,
hobag,,,,,,,
hoer,,,,,,,
holyshit,,,,,,,
hom0,,,,,,,
homey,,,,,,,
homo,,,,,,,
homodumbshit,,,,,,,
homoerotic,,,,,,,
homoey,,,,,,,
honkey,,,,,,,
honky,,,,,,,
hooch,,,,,,,
hookah,,,,,,,
hooker,,,,,,,
hoor,,,,,,,
hootch,,,,,,,
hooter,,,,,,,
hooters,,,,,,,
hore,,,,,,,
horniest,,,,,,,
horny,,,,,,,
hotcarl,,,,,,,
hotchick,,,,,,,
hotpussy,,,,,,,
hotsex,,,,,,,
howtokill,,,,,,,
howtomurdep,,,,,,,
howtomurder,,,,,,,
hugefat,,,,,,,
humped,,,,,,,
humping,,,,,,,
hussy,,,,,,,
hymen,,,,,,,
iap,,,,,,,
iberianslap,,,,,,,
inbred,,,,,,,
incest,,,,,,,
injun,,,,,,,
intercourse,,,,,,,
jackoff,,,,,,,
jackass,,,,,,,
jackasses,,,,,,,
jackhole,,,,,,,
jackoff,,,,,,,
jaggi,,,,,,,
jagoff,,,,,,,
jailbait,,,,,,,
jailbait,,,,,,,
jap,,,,,,,
japs,,,,,,,
jellydonut,,,,,,,
jerkoff,,,,,,,
jerk0ff,,,,,,,
jerkass,,,,,,,
jerked,,,,,,,
jerkoff,,,,,,,
jigaboo,,,,,,,
jiggaboo,,,,,,,
jiggerboo,,,,,,,
jism,,,,,,,
jiz,,,,,,,
jizm,,,,,,,
jizz,,,,,,,
jizzed,,,,,,,
jock,,,,,,,
juggs,,,,,,,
junglebunny,,,,,,,
junkie,,,,,,,
junky,,,,,,,
kafir,,,,,,,
kawk,,,,,,,
kike,,,,,,,
kikes,,,,,,,
kill,,,,,,,
kinbaku,,,,,,,
kinkster,,,,,,,
kinky,,,,,,,
kkk,,,,,,,
klan,,,,,,,
knobend,,,,,,,
knobbing,,,,,,,
knobead,,,,,,,
knobed,,,,,,,
knobend,,,,,,,
knobhead,,,,,,,
knobjocky,,,,,,,
knobjokey,,,,,,,
kock,,,,,,,
kondum,,,,,,,
kondums,,,,,,,
kooch,,,,,,,
kooches,,,,,,,
kootch,,,,,,,
kum,,,,,,,
kummer,,,,,,,
kumming,,,,,,,
kums,,,,,,,
kunilingus,,,,,,,
kunja,,,,,,,
kunt,,,,,,,
kwif,,,,,,,
kyke,,,,,,,
l3itch,,,,,,,
labia,,,,,,,
lameass,,,,,,,
lardass,,,,,,,
leatherrestraint,,,,,,,
leatherstraightjacket,,,,,,,
lech,,,,,,,
lemonparty,,,,,,,
lesbo,,,,,,,
lesbos,,,,,,,
lez,,,,,,,
lezbian,,,,,,,
lezbians,,,,,,,
lezbo,,,,,,,
lezbos,,,,,,,
lezza,,,,,,,
lezzie,,,,,,,
lezzies,,,,,,,
lezzy,,,,,,,
lmao,,,,,,,
lmfao,,,,,,,
loin,,,,,,,
loins,,,,,,,
lolita,,,,,,,
looney,,,,,,,
lovemaking,,,,,,,
lube,,,,,,,
m0f0,,,,,,,
m0fo,,,,,,,
m45terbate,,,,,,,
ma5terb8,,,,,,,
ma5terbate,,,,,,,
mafugly,,,,,,,
makemecome,,,,,,,
malesquirting,,,,,,,
mams,,,,,,,
masochist,,,,,,,
massa,,,,,,,
masterb8,,,,,,,
masterbat,,,,,,,
masterbat3,,,,,,,
masterbate,,,,,,,
masterbate,,,,,,,
masterbating,,,,,,,
masterbation,,,,,,,
masterbations,,,,,,,
masturbate,,,,,,,
masturbating,,,,,,,
masturbation,,,,,,,
maxi,,,,,,,
mcfagget,,,,,,,
menageatrois,,,,,,,
menses,,,,,,,
meth,,,,,,,
mfucking,,,,,,,
mick,,,,,,,
middlefinger,,,,,,,
midget,,,,,,,
milf,,,,,,,
minge,,,,,,,
minger,,,,,,,
missionaryposition,,,,,,,
mof0,,,,,,,
mofo,,,,,,,
molest,,,,,,,
mong,,,,,,,
moomoofoofoo,,,,,,,
moolie,,,,,,,
moron,,,,,,,
mothafuck,,,,,,,
mothafucka,,,,,,,
mothafuckas,,,,,,,
mothafuckaz,,,,,,,
mothafucked,,,,,,,
mothafucker,,,,,,,
mothafuckers,,,,,,,
mothafuckin,,,,,,,
mothafucking,,,,,,,
mothafuckings,,,,,,,
mothafucks,,,,,,,
motherfucker,,,,,,,
motherfuck,,,,,,,
motherfucka,,,,,,,
motherfucked,,,,,,,
motherfucker,,,,,,,
motherfuckers,,,,,,,
motherfuckin,,,,,,,
motherfucking,,,,,,,
motherfuckings,,,,,,,
motherfuckka,,,,,,,
motherfucks,,,,,,,
moundofvenus,,,,,,,
mrhands,,,,,,,
mtherfucker,,,,,,,
mthrfucker,,,,,,,
mthrfucking,,,,,,,
muff,,,,,,,
muffdiver,,,,,,,
muffpuff,,,,,,,
muffdiver,,,,,,,
muffdiving,,,,,,,
munging,,,,,,,
munter,,,,,,,
mutha,,,,,,,
muthafecker,,,,,,,
muthafuckaz,,,,,,,
muthafuckker,,,,,,,
muther,,,,,,,
mutherfucker,,,,,,,
mutherfucking,,,,,,,
muthrfucking,,,,,,,
nad,,,,,,,
nads,,,,,,,
naked,,,,,,,
nambla,,,,,,,
napalm,,,,,,,
nappy,,,,,,,
nawashi,,,,,,,
nazi,,,,,,,
nazism,,,,,,,
needthedick,,,,,,,
negro,,,,,,,
neonazi,,,,,,,
nignog,,,,,,,
nigaboo,,,,,,,
nigga,,,,,,,
niggah,,,,,,,
niggas,,,,,,,
niggaz,,,,,,,
nigger,,,,,,,
niggers,,,,,,,
niggle,,,,,,,
niglet,,,,,,,
nignog,,,,,,,
nimphomania,,,,,,,
nimrod,,,,,,,
ninny,,,,,,,
nipple,,,,,,,
nipples,,,,,,,
nobjokey,,,,,,,
nobhead,,,,,,,
nobjocky,,,,,,,
nobjokey,,,,,,,
nonce,,,,,,,
nooky,,,,,,,
nsfwimages,,,,,,,
nude,,,,,,,
nudity,,,,,,,
numbnuts,,,,,,,
nutbutter,,,,,,,
nutsack,,,,,,,
nutsack,,,,,,,
nutter,,,,,,,
nympho,,,,,,,
nymphomania,,,,,,,
octopussy,,,,,,,
oldbag,,,,,,,
omorashi,,,,,,,
onecuptwogirls,,,,,,,
oneguyonejar,,,,,,,
opiate,,,,,,,
opium,,,,,,,
orally,,,,,,,
organ,,,,,,,
orgasim,,,,,,,
orgasims,,,,,,,
orgasm,,,,,,,
orgasmic,,,,,,,
orgasms,,,,,,,
orgies,,,,,,,
orgy,,,,,,,
ovary,,,,,,,
ovum,,,,,,,
ovums,,,,,,,
paddy,,,,,,,
paedophile,,,,,,,
paki,,,,,,,
panooch,,,,,,,
pansy,,,,,,,
pantie,,,,,,,
panties,,,,,,,
panty,,,,,,,
pcp,,,,,,,
pecker,,,,,,,
peckerhead,,,,,,,
pedo,,,,,,,
pedobear,,,,,,,
pedophile,,,,,,,
pedophilia,,,,,,,
pedophiliac,,,,,,,
pee,,,,,,,
peepee,,,,,,,
pegging,,,,,,,
penetrate,,,,,,,
penetration,,,,,,,
penial,,,,,,,
penile,,,,,,,
penis,,,,,,,
penisbanger,,,,,,,
penisfucker,,,,,,,
penispuffer,,,,,,,
perversion,,,,,,,
peyote,,,,,,,
phalli,,,,,,,
phallic,,,,,,,
phonesex,,,,,,,
phuck,,,,,,,
phuk,,,,,,,
phuked,,,,,,,
phuking,,,,,,,
phukked,,,,,,,
phukking,,,,,,,
phuks,,,,,,,
phuq,,,,,,,
pieceofshit,,,,,,,
pigfucker,,,,,,,
pikey,,,,,,,
pillowbiter,,,,,,,
pimp,,,,,,,
pimpis,,,,,,,
pinko,,,,,,,
piss,,,,,,,
pissoff,,,,,,,
pisspig,,,,,,,
pissed,,,,,,,
pissedoff,,,,,,,
pisser,,,,,,,
pissers,,,,,,,
pisses,,,,,,,
pissflaps,,,,,,,
pissin,,,,,,,
pissing,,,,,,,
pissoff,,,,,,,
pisspig,,,,,,,
playboy,,,,,,,
pleasurechest,,,,,,,
polack,,,,,,,
polesmoker,,,,,,,
polesmoker,,,,,,,
pollock,,,,,,,
ponyplay,,,,,,,
poon,,,,,,,
poonani,,,,,,,
poonany,,,,,,,
poontang,,,,,,,
poop,,,,,,,
poopchute,,,,,,,
poopchute,,,,,,,
poopuncher,,,,,,,
porchmonkey,,,,,,,
porchmonkey,,,,,,,
porn,,,,,,,
porno,,,,,,,
pornography,,,,,,,
pornos,,,,,,,
prick,,,,,,,
pricks,,,,,,,
prickteaser,,,,,,,
prig,,,,,,,
princealbertpiercing,,,,,,,
pron,,,,,,,
prostitute,,,,,,,
prude,,,,,,,
psycho,,,,,,,
pthc,,,,,,,
pube,,,,,,,
pubes,,,,,,,
pubic,,,,,,,
pubis,,,,,,,
punani,,,,,,,
punanny,,,,,,,
punany,,,,,,,
punkass,,,,,,,
punta,,,,,,,
puss,,,,,,,
pusse,,,,,,,
pussi,,,,,,,
pussies,,,,,,,
pussy,,,,,,,
pussyfart,,,,,,,
pussypalace,,,,,,,
pussylicking,,,,,,,
pussypounder,,,,,,,
pussys,,,,,,,
pust,,,,,,,
puto,,,,,,,
queaf,,,,,,,
queef,,,,,,,
queer,,,,,,,
queerbait,,,,,,,
queerhole,,,,,,,
queero,,,,,,,
queers,,,,,,,
quim,,,,,,,
racy,,,,,,,
raghead,,,,,,,
ragingboner,,,,,,,
rape,,,,,,,
raped,,,,,,,
raper,,,,,,,
rapey,,,,,,,
raping,,,,,,,
rapist,,,,,,,
raunch,,,,,,,
rectal,,,,,,,
rectum,,,,,,,
rectus,,,,,,,
reefer,,,,,,,
reetard,,,,,,,
reich,,,,,,,
renob,,,,,,,
retard,,,,,,,
retarded,,,,,,,
reversecowgirl,,,,,,,
rimjaw,,,,,,,
rimjob,,,,,,,
rimming,,,,,,,
ritard,,,,,,,
rosypalm,,,,,,,
rosypalmandher5sisters,,,,,,,
rtard,,,,,,,
rum,,,,,,,
rump,,,,,,,
rumprammer,,,,,,,
ruski,,,,,,,
rustytrombone,,,,,,,
shit,,,,,,,
sm,,,,,,,
sob,,,,,,,
shit,,,,,,,
sadism,,,,,,,
sadist,,,,,,,
sambo,,,,,,,
sandnigger,,,,,,,
sandbar,,,,,,,
sandler,,,,,,,
sandnigger,,,,,,,
sanger,,,,,,,
santorum,,,,,,,
sausagequeen,,,,,,,
scag,,,,,,,
scat,,,,,,,
schizo,,,,,,,
schlong,,,,,,,
scissoring,,,,,,,
screwed,,,,,,,
screwing,,,,,,,
scroat,,,,,,,
scrog,,,,,,,
scrot,,,,,,,
scrote,,,,,,,
scrotum,,,,,,,
scrud,,,,,,,
seaman,,,,,,,
seamen,,,,,,,
seduce,,,,,,,
seks,,,,,,,
semen,,,,,,,
sex,,,,,,,
sexo,,,,,,,
sexual,,,,,,,
sexy,,,,,,,
shag,,,,,,,
shagger,,,,,,,
shaggin,,,,,,,
shagging,,,,,,,
shamedame,,,,,,,
shavedbeaver,,,,,,,
shavedpussy,,,,,,,
shemale,,,,,,,
shibari,,,,,,,
shirtlifter,,,,,,,
shit,,,,,,,
shit,,,,,,,
shitass,,,,,,,
shitfucker,,,,,,,
shitass,,,,,,,
shitbag,,,,,,,
shitbagger,,,,,,,
shitblimp,,,,,,,
shitbrains,,,,,,,
shitbreath,,,,,,,
shitcanned,,,,,,,
shitcunt,,,,,,,
shitdick,,,,,,,
shite,,,,,,,
shiteater,,,,,,,
shited,,,,,,,
shitey,,,,,,,
shitface,,,,,,,
shitfaced,,,,,,,
shitfuck,,,,,,,
shitfull,,,,,,,
shithead,,,,,,,
shitheads,,,,,,,
shithole,,,,,,,
shithouse,,,,,,,
shiting,,,,,,,
shitings,,,,,,,
shits,,,,,,,
shitspitter,,,,,,,
shitstain,,,,,,,
shitt,,,,,,,
shitted,,,,,,,
shitter,,,,,,,
shitters,,,,,,,
shittier,,,,,,,
shittiest,,,,,,,
shitting,,,,,,,
shittings,,,,,,,
shitty,,,,,,,
shiz,,,,,,,
shiznit,,,,,,,
shota,,,,,,,
shrimping,,,,,,,
sissy,,,,,,,
skag,,,,,,,
skank,,,,,,,
skeet,,,,,,,
skullfuck,,,,,,,
slag,,,,,,,
slanteye,,,,,,,
slave,,,,,,,
sleaze,,,,,,,
sleazy,,,,,,,
slut,,,,,,,
slutbucket,,,,,,,
slutbag,,,,,,,
slutdumper,,,,,,,
slutkiss,,,,,,,
sluts,,,,,,,
smartass,,,,,,,
smartasses,,,,,,,
smeg,,,,,,,
smegma,,,,,,,
smut,,,,,,,
smutty,,,,,,,
snatch,,,,,,,
snowballing,,,,,,,
snuff,,,,,,,
sodoff,,,,,,,
sodom,,,,,,,
sodomize,,,,,,,
sodomy,,,,,,,
sonofabitch,,,,,,,
sonofamotherlessgoat,,,,,,,
sonofawhore,,,,,,,
souse,,,,,,,
soused,,,,,,,
spac,,,,,,,
sperm,,,,,,,
spic,,,,,,,
spick,,,,,,,
spik,,,,,,,
spiks,,,,,,,
splooge,,,,,,,
sploogemoose,,,,,,,
spooge,,,,,,,
spook,,,,,,,
spreadlegs,,,,,,,
spunk,,,,,,,
steamy,,,,,,,
stfu,,,,,,,
stiffy,,,,,,,
stoned,,,,,,,
strapon,,,,,,,
strapon,,,,,,,
strappado,,,,,,,
stripclub,,,,,,,
stroke,,,,,,,
stupid,,,,,,,
styledoggy,,,,,,,
suck,,,,,,,
suckass,,,,,,,
sucked,,,,,,,
sucking,,,,,,,
sucks,,,,,,,
suicidegirls,,,,,,,
sultrywomen,,,,,,,
sumofabiatch,,,,,,,
swastika,,,,,,,
swinger,,,,,,,
taff,,,,,,,
taig,,,,,,,
taintedlove,,,,,,,
takingthepiss,,,,,,,
tampon,,,,,,,
tard,,,,,,,
tastemy,,,,,,,
tawdry,,,,,,,
teabagging,,,,,,,
teabagging,,,,,,,
teat,,,,,,,
teets,,,,,,,
teez,,,,,,,
terd,,,,,,,
teste,,,,,,,
testee,,,,,,,
testes,,,,,,,
testical,,,,,,,
testicle,,,,,,,
testis,,,,,,,
threesome,,,,,,,
throating,,,,,,,
thrust,,,,,,,
thundercunt,,,,,,,
tightwhite,,,,,,,
tinkle,,,,,,,
tit,,,,,,,
titwank,,,,,,,
titfuck,,,,,,,
titi,,,,,,,
tities,,,,,,,
tits,,,,,,,
titt,,,,,,,
tittie5,,,,,,,
tittiefucker,,,,,,,
titties,,,,,,,
titty,,,,,,,
tittyfuck,,,,,,,
tittyfucker,,,,,,,
tittywank,,,,,,,
titwank,,,,,,,
toke,,,,,,,
tongueina,,,,,,,
toots,,,,,,,
topless,,,,,,,
tosser,,,,,,,
towelhead,,,,,,,
tramp,,,,,,,
tranny,,,,,,,
transsexual,,,,,,,
trashy,,,,,,,
tribadism,,,,,,,
tubgirl,,,,,,,
tubgirl,,,,,,,
turd,,,,,,,
tush,,,,,,,
tushy,,,,,,,
tw4t,,,,,,,
twat,,,,,,,
twathead,,,,,,,
twatlips,,,,,,,
twats,,,,,,,
twatty,,,,,,,
twatwaffle,,,,,,,
twink,,,,,,,
twofingers,,,,,,,
twofingerswithtongue,,,,,,,
twogirlsonecup,,,,,,,
twunt,,,,,,,
twunter,,,,,,,
unclefucker,,,,,,,
undies,,,,,,,
undressing,,,,,,,
unwed,,,,,,,
upskirt,,,,,,,
urethraplay,,,,,,,
urinal,,,,,,,
urine,,,,,,,
urophilia,,,,,,,
uterus,,,,,,,
uzi,,,,,,,
vag,,,,,,,
vagina,,,,,,,
vajayjay,,,,,,,
vajj,,,,,,,
valium,,,,,,,
venusmound,,,,,,,
veqtable,,,,,,,
viagra,,,,,,,
vibrator,,,,,,,
violetwand,,,,,,,
virgin,,,,,,,
vixen,,,,,,,
vjayjay,,,,,,,
vodka,,,,,,,
vomit,,,,,,,
vorarephilia,,,,,,,
voyeur,,,,,,,
vulgar,,,,,,,
vulva,,,,,,,
w00se,,,,,,,
wad,,,,,,,
wang,,,,,,,
wank,,,,,,,
wanker,,,,,,,
wankjob,,,,,,,
wanky,,,,,,,
wazoo,,,,,,,
wedgie,,,,,,,
weed,,,,,,,
weenie,,,,,,,
weewee,,,,,,,
weiner,,,,,,,
weirdo,,,,,,,
wench,,,,,,,
wetdream,,,,,,,
wetback,,,,,,,
wh0re,,,,,,,
wh0reface,,,,,,,
whitepower,,,,,,,
whitey,,,,,,,
whiz,,,,,,,
whoar,,,,,,,
whoralicious,,,,,,,
whore,,,,,,,
whorealicious,,,,,,,
whorebag,,,,,,,
whored,,,,,,,
whoreface,,,,,,,
whorehopper,,,,,,,
whorehouse,,,,,,,
whores,,,,,,,
whoring,,,,,,,
wigger,,,,,,,
willies,,,,,,,
willy,,,,,,,
windowlicker,,,,,,,
wiseass,,,,,,,
wiseasses,,,,,,,
wog,,,,,,,
womb,,,,,,,
woody,,,,,,,
wop,,,,,,,
wrappingmen,,,,,,,
wrinkledstarfish,,,,,,,
wtf,,,,,,,
xrated,,,,,,,
xrated,,,,,,,
xx,,,,,,,
xxx,,,,,,,
yaoi,,,,,,,
yeasty,,,,,,,
yellowshowers,,,,,,,
yid,,,,,,,
yiffy,,,,,,,
yobbo,,,,,,,
zoophile,,,,,,,
zoophilia,,,,,,,
zubb,,,,,,,
